Date,Open,High,Low,Close,Adj Close,Volume,MFII_14,MFI_Recommend_14,BB_MAVG_20,BB_atas_20,BB_bawah_20,BB_Recommend_20,CCI_20,CCI_Recommend_20,SO_14,SO_Recommend_14
2019-01-01,10450.0,10450.0,10450.0,10450.0,9579.61328125,0,,,,,,,,,,
2019-01-02,10500.0,10550.0,10200.0,10400.0,9533.7783203125,1844700,,,,,,,,,,
2019-01-03,10525.0,10675.0,10450.0,10575.0,9694.2021484375,3283000,,,,,,,,,,
2019-01-04,10575.0,10600.0,10500.0,10600.0,9717.1201171875,3964600,,,,,,,,,,
2019-01-07,10700.0,10775.0,10225.0,10350.0,9487.9423828125,5581500,,,,,,,,,,
2019-01-08,10350.0,10350.0,10050.0,10175.0,9327.5185546875,10049900,,,,,,,,,,
2019-01-09,10300.0,10300.0,10200.0,10250.0,9396.2724609375,2295000,,,,,,,,,,
2019-01-10,10250.0,10300.0,10075.0,10150.0,9304.6005859375,6857000,,,,,,,,,,
2019-01-11,10275.0,10300.0,10050.0,10150.0,9304.6005859375,5601300,,,,,,,,,,
2019-01-14,10100.0,10175.0,9925.0,10000.0,9167.09375,6259600,,,,,,,,,,
2019-01-15,10000.0,10100.0,9925.0,10100.0,9258.765625,5476000,,,,,,,,,,
2019-01-16,10150.0,10250.0,9975.0,10025.0,9190.0107421875,7694600,,,,,,,,,,
2019-01-17,10025.0,10175.0,9975.0,10000.0,9167.09375,4156500,,,,,,,,,,
2019-01-18,10125.0,10150.0,10075.0,10150.0,9304.6005859375,13240200,44.133963611539286,HOLD,,,,,,,26.470588235294116,HOLD
2019-01-21,10200.0,10300.0,10200.0,10200.0,9350.4365234375,6783200,48.9485049022823,HOLD,,,,,,,32.35294117647059,HOLD
2019-01-22,10250.0,10475.0,10225.0,10450.0,9579.61328125,7422200,54.591434670137666,HOLD,,,,,,,61.76470588235294,HOLD
2019-01-23,10550.0,10550.0,10450.0,10475.0,9602.5322265625,6877100,56.47978007708131,HOLD,,,,,,,64.70588235294117,HOLD
2019-01-24,10525.0,10875.0,10525.0,10850.0,9946.2978515625,14756500,62.99598622368493,HOLD,,,,,,,97.36842105263158,SELL
2019-01-25,10950.0,10950.0,10625.0,10750.0,9854.6259765625,5926300,68.6647963284513,HOLD,,,,,,,80.48780487804878,SELL
2019-01-28,10800.0,10800.0,10550.0,10750.0,9854.6259765625,9435600,68.75933646735359,HOLD,10342.5,10855.603303438986,9829.396696561014,SELL,114.13333333333374,SELL,80.48780487804878,SELL
2019-01-29,10800.0,10800.0,10675.0,10725.0,9831.708984375,3958700,69.30669887113758,HOLD,10356.25,10894.273001367043,9818.226998632957,SELL,112.60923845193527,SELL,78.04878048780488,HOLD
2019-01-30,10725.0,10800.0,10725.0,10775.0,9877.5439453125,4598500,75.28949541480493,HOLD,10375.0,10943.11090466563,9806.88909533437,SELL,107.58620689655176,SELL,82.92682926829268,SELL
2019-01-31,10825.0,10825.0,10700.0,10775.0,9877.5439453125,11009300,79.55439494035139,HOLD,10385.0,10973.515080520458,9796.484919479542,SELL,100.52910052910005,SELL,82.92682926829268,SELL
2019-02-01,10900.0,10900.0,10550.0,10750.0,9854.6259765625,2471600,82.5325934424376,SELL,10392.5,10995.430344235552,9789.569655764448,SELL,86.36460327589892,SELL,80.48780487804878,SELL
2019-02-04,10650.0,10800.0,10575.0,10650.0,9762.955078125,4469100,77.43979207346547,HOLD,10407.5,11020.300946474465,9794.699053525535,SELL,65.49885757806551,SELL,69.23076923076923,HOLD
2019-02-05,10650.0,10650.0,10650.0,10650.0,9762.955078125,0,75.46005568239401,HOLD,10431.25,11042.984215162109,9819.515784837891,SELL,53.53535353535371,SELL,69.23076923076923,HOLD
2019-02-06,10600.0,10700.0,10575.0,10600.0,9717.1201171875,7406500,72.43523109330579,HOLD,10448.75,11058.765368658856,9838.734631341144,SELL,43.09252217997483,SELL,60.0,HOLD
2019-02-07,10650.0,10650.0,10375.0,10525.0,9648.3662109375,3523400,64.69401016085385,HOLD,10467.5,11062.5,9872.5,BUY,13.230900554844068,SELL,43.333333333333336,HOLD
2019-02-08,10600.0,10725.0,10450.0,10600.0,9717.1201171875,5670000,64.28838786818008,HOLD,10490.0,11069.094120156646,9910.905879843354,BUY,28.640969038319888,SELL,51.724137931034484,HOLD
2019-02-11,10600.0,10600.0,10450.0,10500.0,9625.4482421875,4834800,56.65224858142301,HOLD,10515.0,11048.713406239716,9981.286593760284,BUY,1.9249278152069291,SELL,21.73913043478261,HOLD
2019-02-12,10500.0,10600.0,10450.0,10450.0,9579.61328125,5405200,48.44762102084947,HOLD,10532.5,11032.524999375031,10032.475000624969,BUY,-11.695906432748108,BUY,13.043478260869565,BUY
2019-02-13,10450.0,10700.0,10425.0,10425.0,9556.6953125,3454900,38.75976880378464,HOLD,10552.5,10998.846278129437,10106.153721870563,BUY,-15.379471748579293,BUY,8.695652173913043,BUY
2019-02-14,10425.0,10525.0,10425.0,10500.0,9625.4482421875,4307200,29.80422971674234,HOLD,10577.5,10946.586710679212,10208.413289320788,BUY,-43.71584699453493,BUY,23.80952380952381,HOLD
2019-02-15,10450.0,10600.0,10300.0,10425.0,9556.6953125,3255100,33.33634111733589,HOLD,10591.25,10913.070990614347,10269.429009385653,BUY,-80.44444444444473,BUY,20.833333333333332,HOLD
2019-02-18,10525.0,10600.0,10425.0,10550.0,9671.283203125,5625800,35.25219265117177,HOLD,10608.75,10877.206234794427,10340.293765205573,BUY,-49.55974842767327,BUY,41.666666666666664,HOLD
2019-02-19,10550.0,10575.0,10475.0,10475.0,9602.5322265625,3472600,27.35496790013623,HOLD,10610.0,10875.706605111729,10344.293394888271,BUY,-67.19999999999877,BUY,29.166666666666668,HOLD
2019-02-20,10500.0,10525.0,10350.0,10500.0,9625.4482421875,6394400,24.47723582847611,HOLD,10611.25,10874.629479079142,10347.870520920858,BUY,-96.58792650918667,BUY,33.333333333333336,HOLD
2019-02-21,10400.0,10550.0,10325.0,10475.0,9602.5322265625,15449600,20.191737817980695,HOLD,10592.5,10838.00967394382,10346.99032605618,BUY,-92.6803580832023,BUY,35.0,HOLD
2019-02-22,10400.0,10400.0,10300.0,10400.0,9533.7783203125,8520200,19.180736736139536,BUY,10575.0,10822.991935352746,10327.008064647254,BUY,-132.38584024213748,BUY,23.529411764705884,HOLD
2019-02-25,10450.0,10450.0,10200.0,10250.0,9396.2724609375,5233500,17.985621758537235,BUY,10550.0,10822.02941017471,10277.97058982529,BUY,-156.48854961832058,BUY,9.523809523809524,BUY
2019-02-26,10250.0,10400.0,10200.0,10400.0,9533.7783203125,5769300,25.43750907202154,HOLD,10533.75,10800.805705799372,10266.694294200628,BUY,-128.27604372448275,BUY,38.095238095238095,HOLD
2019-02-27,10400.0,10500.0,10350.0,10425.0,9556.6953125,4188700,30.361450027526303,HOLD,10516.25,10762.86457783351,10269.63542216649,BUY,-67.32201370271176,BUY,42.857142857142854,HOLD
2019-02-28,10400.0,10425.0,10225.0,10225.0,9373.353515625,5742300,23.34452513165769,HOLD,10488.75,10736.477168473706,10241.022831526294,BUY,-149.47271893626777,BUY,5.0,BUY
2019-03-01,10375.0,10375.0,10175.0,10300.0,9442.1064453125,5823400,23.099405592590458,HOLD,10466.25,10696.073301690669,10236.426698309331,BUY,-139.4636015325678,BUY,23.80952380952381,HOLD
2019-03-04,10400.0,10450.0,10275.0,10350.0,9487.9423828125,1743000,26.383140923657407,HOLD,10451.25,10670.039282187223,10232.460717812777,BUY,-76.21804148576935,BUY,33.333333333333336,HOLD
2019-03-05,10350.0,10375.0,10200.0,10275.0,9419.189453125,1656800,22.49117888727021,HOLD,10432.5,10644.101039694988,10220.898960305012,BUY,-119.32181701855376,BUY,23.529411764705884,HOLD
2019-03-06,10275.0,10325.0,10175.0,10250.0,9396.2724609375,2877200,22.938734530220145,HOLD,10415.0,10626.18712081943,10203.81287918057,BUY,-126.86567164179175,BUY,17.647058823529413,BUY
2019-03-07,10250.0,10250.0,10250.0,10250.0,9396.2724609375,0,23.973990771844953,HOLD,10401.25,10617.741916708223,10184.758083291777,BUY,-110.71849234393387,BUY,17.647058823529413,BUY
2019-03-08,10400.0,10400.0,10175.0,10250.0,9396.2724609375,1951100,19.80350555871543,BUY,10383.75,10589.465215771706,10178.034784228294,BUY,-84.24242424242343,BUY,18.75,BUY
2019-03-11,10275.0,10350.0,10200.0,10300.0,9442.1064453125,882300,21.915999562126927,HOLD,10373.75,10575.290938769274,10172.209061230726,BUY,-71.31782945736475,BUY,33.333333333333336,HOLD
2019-03-12,10300.0,10325.0,10200.0,10225.0,9373.353515625,2133600,23.453505810011094,HOLD,10362.5,10570.766655996586,10154.233344003414,BUY,-88.88888888888964,BUY,13.333333333333334,BUY
2019-03-13,10250.0,10375.0,10250.0,10350.0,9487.9423828125,2021700,34.20195250357369,HOLD,10358.75,10565.071957144653,10152.428042855347,BUY,-26.638989794152305,BUY,53.84615384615385,HOLD
2019-03-14,10350.0,10425.0,10350.0,10375.0,9510.861328125,3788300,46.61277179669567,HOLD,10352.5,10548.650452459331,10156.349547540669,BUY,27.85515320334261,SELL,61.53846153846154,HOLD
2019-03-15,10450.0,10500.0,10375.0,10425.0,9556.6953125,4923600,58.3060114319407,HOLD,10352.5,10548.650452459331,10156.349547540669,SELL,73.24364723467957,SELL,76.92307692307692,HOLD
2019-03-18,10325.0,10425.0,10325.0,10375.0,9510.861328125,2640000,48.520003739773585,HOLD,10343.75,10518.303000547112,10169.196999452888,BUY,31.105506515343123,SELL,61.53846153846154,HOLD
2019-03-19,10425.0,10450.0,10300.0,10300.0,9442.1064453125,1519700,40.7842758113824,HOLD,10335.0,10499.620776331543,10170.379223668457,BUY,15.97676107480029,SELL,38.46153846153846,HOLD
2019-03-20,10400.0,10400.0,10300.0,10375.0,9510.861328125,2728000,52.17772235435198,HOLD,10328.75,10476.461712467226,10181.038287532774,BUY,34.6666666666674,SELL,61.53846153846154,HOLD
2019-03-21,10450.0,10450.0,10275.0,10375.0,9510.861328125,1341800,64.30752364760392,HOLD,10323.75,10457.424043852949,10190.075956147051,BUY,55.072463768116755,SELL,61.53846153846154,HOLD
2019-03-22,10450.0,10450.0,10300.0,10325.0,9465.025390625,1489800,59.02439533478598,HOLD,10320.0,10449.03487900564,10190.96512099436,BUY,44.44444444444351,SELL,46.15384615384615,HOLD
2019-03-25,10300.0,10300.0,9250.0,9400.0,8617.068359375,23557600,35.159324237086494,HOLD,10277.5,10699.074429964627,9855.925570035373,BUY,-516.8839852892022,,12.0,BUY
2019-03-26,9500.0,9700.0,9475.0,9575.0,8777.4931640625,8418700,32.009067682093274,HOLD,10236.25,10752.601382296978,9719.898617703022,BUY,-345.29914529914686,,26.0,HOLD
2019-03-27,9550.0,9600.0,8950.0,9150.0,8387.890625,19033200,24.478958376167384,HOLD,10172.5,10864.76078900946,9480.23921099054,BUY,-302.4122376936671,,12.903225806451612,BUY
2019-03-28,9175.0,9325.0,9050.0,9275.0,8502.4794921875,9427300,20.0053785315708,HOLD,10125.0,10919.197708382491,9330.802291617509,BUY,-213.76393694732838,,20.967741935483872,HOLD
2019-03-29,9350.0,9350.0,9250.0,9325.0,8548.3154296875,6738300,24.95238303895428,HOLD,10076.25,10938.29335737827,9214.20664262173,BUY,-150.5685218432074,BUY,24.193548387096776,HOLD
2019-04-01,9400.0,9400.0,9250.0,9250.0,8479.5625,4725200,24.33320404205338,HOLD,10021.25,10944.596495092714,9097.903504907286,BUY,-124.91228070175441,BUY,19.35483870967742,BUY
2019-04-02,9275.0,9300.0,8950.0,9000.0,8250.384765625,10437700,20.29964650164996,HOLD,9957.5,10973.386312536988,8941.613687463012,BUY,-133.1850753644677,BUY,3.225806451612903,BUY
2019-04-03,9000.0,9000.0,9000.0,9000.0,8250.384765625,0,16.907500194828017,BUY,9895.0,10982.497126432985,8807.502873567015,BUY,-123.08894096641022,BUY,3.225806451612903,BUY
2019-04-04,9000.0,9125.0,8975.0,9050.0,8296.2197265625,9460500,19.87661656166965,BUY,9835.0,10968.953261823432,8701.046738176568,BUY,-101.63814308892047,BUY,6.666666666666667,BUY
2019-04-05,9075.0,9100.0,9000.0,9075.0,8319.1376953125,4860900,24.053030416656014,HOLD,9776.25,10939.48632594585,8613.01367405415,BUY,-89.6969696969697,BUY,8.333333333333334,BUY
2019-04-08,9075.0,9100.0,8950.0,9025.0,8273.302734375,7669000,22.80232160025453,HOLD,9712.5,10893.548263196724,8531.451736803276,BUY,-84.85753390568634,BUY,5.0,BUY
2019-04-09,9025.0,9275.0,9025.0,9250.0,8479.5625,5422000,24.3854069246794,HOLD,9663.75,10836.617746167487,8490.882253832513,BUY,-60.52791262135922,BUY,20.0,HOLD
2019-04-10,9300.0,9350.0,9150.0,9300.0,8525.3974609375,6151300,27.365998370392433,HOLD,9611.25,10750.051453283231,8472.448546716769,BUY,-46.10492845786985,BUY,23.333333333333332,HOLD
2019-04-11,9375.0,9400.0,9050.0,9050.0,8296.2197265625,6438100,26.316793226995628,HOLD,9545.0,10652.090782185454,8437.909217814546,BUY,-54.33434787509858,BUY,7.407407407407407,BUY
2019-04-12,9050.0,9075.0,8950.0,9050.0,8296.2197265625,5680700,31.139618414466682,HOLD,9476.25,10525.4729267415,8427.0270732585,BUY,-69.19676878524628,BUY,13.333333333333334,BUY
2019-04-15,9050.0,9125.0,9025.0,9050.0,8296.2197265625,7383800,38.66057771878493,HOLD,9410.0,10388.825827203185,8431.174172796815,BUY,-59.899031245736325,BUY,15.384615384615385,BUY
2019-04-16,9050.0,9150.0,9025.0,9075.0,8319.1376953125,9366900,52.689140535088974,HOLD,9348.75,10247.147879561166,8450.352120438834,BUY,-54.90196078431375,BUY,27.77777777777778,HOLD
2019-04-17,9075.0,9075.0,9075.0,9075.0,8319.1376953125,0,58.63897185039462,HOLD,9283.75,10054.832842501375,8512.667157498625,BUY,-55.92705167173253,BUY,27.77777777777778,HOLD
2019-04-18,9200.0,9250.0,8975.0,9100.0,8342.056640625,9814000,60.024415053093094,HOLD,9220.0,9808.98217290509,8631.01782709491,BUY,-44.26975589573847,BUY,33.333333333333336,HOLD
2019-04-19,9100.0,9100.0,9100.0,9100.0,8342.056640625,0,63.53125897364786,HOLD,9158.75,9459.696423803309,8857.803576196691,BUY,-40.33970276008547,BUY,33.333333333333336,HOLD
2019-04-22,9100.0,9150.0,9000.0,9025.0,8273.302734375,4508800,68.44185928905904,HOLD,9140.0,9424.780617317963,8855.219382682037,BUY,-57.29984301412871,BUY,16.666666666666668,BUY
2019-04-23,9025.0,9250.0,9000.0,9200.0,8433.7275390625,7391100,71.22868365288294,HOLD,9121.25,9327.571957144653,8914.928042855347,BUY,18.364518364518844,SELL,55.55555555555556,HOLD
2019-04-24,9275.0,9275.0,9150.0,9200.0,8433.7275390625,4551000,69.48713425644877,HOLD,9123.75,9332.601023459309,8914.898976540691,SELL,69.20903954802199,SELL,55.55555555555556,HOLD
2019-04-25,9200.0,9225.0,9075.0,9075.0,8319.1376953125,8457600,60.6077843152675,HOLD,9113.75,9311.534605063185,8915.965394936815,BUY,2.6575550493556976,SELL,27.77777777777778,HOLD
2019-04-26,9125.0,9250.0,9075.0,9175.0,8410.80859375,9330800,70.41119276346953,HOLD,9106.25,9281.517652463312,8930.982347536688,BUY,53.26460481099607,SELL,50.0,HOLD
2019-04-29,9250.0,9325.0,9150.0,9300.0,8525.3974609375,7772200,71.23746657153194,HOLD,9108.75,9293.327219612824,8924.172780387176,SELL,155.9428060768534,SELL,77.77777777777777,HOLD
2019-04-30,9475.0,9800.0,9475.0,9725.0,8915.0,23070300,76.21256262361607,HOLD,9145.0,9465.0,8825.0,SELL,376.04540023894924,,91.17647058823529,SELL
2019-05-01,9725.0,9725.0,9725.0,9725.0,8915.0,0,81.20594511319447,SELL,9181.25,9581.52334410375,8780.97665589625,SELL,294.30237774786985,,91.17647058823529,SELL
2019-05-02,9725.0,9800.0,9600.0,9700.0,8892.08203125,9553100,77.63783065994659,HOLD,9213.75,9668.028273748592,8759.471726251408,SELL,208.71111111111185,,87.87878787878788,SELL
2019-05-03,9700.0,9700.0,9450.0,9625.0,8823.328125,7205900,70.36995145120305,HOLD,9241.25,9724.280796119669,8758.219203880331,SELL,132.39875389408087,SELL,78.78787878787878,HOLD
2019-05-06,9425.0,9650.0,9425.0,9600.0,8800.41015625,4011200,64.55533089043527,HOLD,9270.0,9766.386945839635,8773.613054160365,SELL,101.96418255343758,SELL,75.75757575757575,HOLD
2019-05-07,9650.0,9725.0,9625.0,9700.0,8892.08203125,5647100,66.59073267765228,HOLD,9292.5,9822.853655592191,8762.146344407809,SELL,119.98985286656476,SELL,87.87878787878788,SELL
2019-05-08,9600.0,9700.0,9525.0,9700.0,8892.08203125,4525600,60.09090004867711,HOLD,9312.5,9871.852304008842,8753.147695991158,SELL,92.27579056505974,SELL,87.5,SELL
2019-05-09,9800.0,9800.0,9600.0,9675.0,8869.1630859375,7134000,62.91913682680219,HOLD,9343.75,9910.732142575936,8776.767857424064,SELL,92.19858156028317,SELL,84.375,SELL
2019-05-10,9600.0,9900.0,9575.0,9825.0,9006.6708984375,8510000,68.47141493453033,HOLD,9382.5,9969.462520098175,8795.537479901825,SELL,98.22491331573771,SELL,91.66666666666667,SELL
2019-05-13,9850.0,9900.0,9625.0,9625.0,8823.328125,5054900,62.97276637953075,HOLD,9411.25,9986.461917470422,8836.038082529578,SELL,77.14432460195165,SELL,66.66666666666667,HOLD
2019-05-14,9400.0,9750.0,9350.0,9650.0,8846.24609375,5829500,57.96983681017168,HOLD,9440.0,10002.449997777581,8877.550002222419,BUY,39.50380663365828,SELL,69.6969696969697,HOLD
2019-05-15,9500.0,9650.0,9500.0,9525.0,8731.6572265625,6269800,58.97353484188475,HOLD,9462.5,10000.203449868048,8924.796550131952,SELL,28.704334014068365,SELL,54.54545454545455,HOLD
2019-05-16,9475.0,9725.0,9275.0,9500.0,8708.7392578125,5387200,52.18670803340753,HOLD,9482.5,9993.895150544078,8971.104849455922,BUY,8.181480104127933,SELL,46.666666666666664,HOLD
2019-05-17,9500.0,9550.0,9250.0,9300.0,8525.3974609375,3029000,46.82695838909021,HOLD,9492.5,9980.89021284215,9004.10978715785,BUY,-38.42536611581327,BUY,7.6923076923076925,BUY
2019-05-20,9300.0,9450.0,9075.0,9375.0,8594.150390625,2840200,28.67880015872764,HOLD,9510.0,9953.11398082209,9066.88601917791,BUY,-69.0657942566337,BUY,36.36363636363637,HOLD
2019-05-21,9375.0,9650.0,9375.0,9625.0,8823.328125,2987200,31.391294335113017,HOLD,9531.25,9953.113425767155,9109.386574232845,BUY,12.578616352201527,SELL,66.66666666666667,HOLD
2019-05-22,9650.0,9675.0,9325.0,9500.0,8708.7392578125,2243500,34.6912449649237,HOLD,9546.25,9940.354998699586,9152.145001300414,BUY,-14.34087148372863,BUY,51.515151515151516,HOLD
2019-05-23,9550.0,9750.0,9500.0,9725.0,8915.0,3942700,42.2327412411763,HOLD,9578.75,9915.00697018798,9242.49302981202,BUY,51.885764115979725,SELL,78.78787878787878,HOLD
2019-05-24,9750.0,9775.0,9550.0,9700.0,8892.08203125,2087200,46.65764693750201,HOLD,9605.0,9888.989436423259,9321.010563576741,BUY,55.49162511187795,SELL,75.75757575757575,HOLD
2019-05-27,9800.0,9800.0,9675.0,9775.0,8960.8349609375,2815700,44.24619527622506,HOLD,9628.75,9884.813956854534,9372.686043145466,SELL,96.37867122897003,SELL,84.84848484848484,SELL
2019-05-28,9800.0,9825.0,9600.0,9725.0,8915.0,11469100,39.76920681946512,HOLD,9628.75,9884.813956854534,9372.686043145466,BUY,70.23411371237354,SELL,78.78787878787878,HOLD
2019-05-29,9725.0,9725.0,9575.0,9725.0,8915.0,3939700,30.881541855539652,HOLD,9628.75,9884.813956854534,9372.686043145466,BUY,45.05275163957851,SELL,78.78787878787878,HOLD
2019-05-30,9725.0,9725.0,9725.0,9725.0,8915.0,0,20.54930823054299,HOLD,9630.0,9887.681974534504,9372.318025465496,SELL,77.5193798449617,SELL,78.78787878787878,HOLD
2019-05-31,9725.0,9800.0,9700.0,9800.0,8983.751953125,7160600,31.93192219225891,HOLD,9638.75,9906.833475805579,9370.666524194421,SELL,94.855305466238,SELL,96.66666666666667,SELL
2019-06-03,9800.0,9800.0,9800.0,9800.0,8983.751953125,0,35.356238860172326,HOLD,9648.75,9925.098964173923,9372.401035826077,SELL,106.09037328094318,SELL,96.66666666666667,SELL
2019-06-04,9800.0,9800.0,9800.0,9800.0,8983.751953125,0,39.952213955015445,HOLD,9653.75,9937.155628031625,9370.344371968375,SELL,98.62529953335914,SELL,96.66666666666667,SELL
2019-06-05,9800.0,9800.0,9800.0,9800.0,8983.751953125,0,44.94113316454678,HOLD,9658.75,9948.696115683588,9368.803884316412,SELL,89.3371757925069,SELL,96.66666666666667,SELL
2019-06-06,9800.0,9800.0,9800.0,9800.0,8983.751953125,0,48.28356519746217,HOLD,9665.0,9961.39500670558,9368.60499329442,SELL,83.47866527148075,SELL,96.66666666666667,SELL
2019-06-07,9800.0,9800.0,9800.0,9800.0,8983.751953125,0,51.875499553431034,HOLD,9663.75,9957.63560699701,9369.86439300299,SELL,81.75014392631059,SELL,95.0,SELL
2019-06-10,9900.0,9900.0,9700.0,9800.0,8983.751953125,4458100,47.67107383419236,HOLD,9672.5,9971.62372022292,9373.37627977708,SELL,77.57166947723444,SELL,82.6086956521739,SELL
2019-06-11,9900.0,10150.0,9875.0,10150.0,9304.6005859375,9200400,62.39998667707656,HOLD,9697.5,10061.471152703069,9333.528847296931,SELL,188.6949293433088,SELL,100.0,SELL
2019-06-12,10150.0,10200.0,10050.0,10150.0,9304.6005859375,4065500,62.69235789065304,HOLD,9728.75,10133.186336151934,9324.313663848066,SELL,195.8861976163022,SELL,92.3076923076923,SELL
2019-06-13,10200.0,10200.0,9950.0,10000.0,9167.09375,5328600,53.22584323289487,HOLD,9753.75,10160.344085052895,9347.155914947105,SELL,143.30573793890943,SELL,68.0,HOLD
2019-06-14,10000.0,10050.0,9950.0,9975.0,9144.1767578125,3172900,46.44913847963395,HOLD,9787.5,10147.187364248455,9427.812635751545,SELL,110.02044989775015,SELL,64.0,HOLD
2019-06-17,9975.0,10050.0,9875.0,9950.0,9248.27734375,2591800,57.7215039131776,HOLD,9816.25,10128.20953263204,9504.29046736796,SELL,88.4997081144183,SELL,60.0,HOLD
2019-06-18,9975.0,10125.0,9975.0,10125.0,9410.935546875,16228900,76.77650513273959,HOLD,9841.25,10167.698694284416,9514.801305715584,SELL,126.70068027210765,SELL,85.0,SELL
2019-06-20,10125.0,10175.0,10050.0,10150.0,9434.1728515625,4722800,78.88748867494282,HOLD,9873.75,10186.989125908627,9560.510874091373,SELL,128.4440436829967,SELL,90.0,SELL
2019-06-21,10250.0,10250.0,9950.0,10025.0,9317.9873046875,12671700,59.10678946085292,HOLD,9888.75,10200.789660940722,9576.710339059278,SELL,91.06728538283055,SELL,59.09090909090909,HOLD
2019-06-24,10000.0,10025.0,9925.0,9950.0,9248.27734375,1975100,57.17876008763204,HOLD,9901.25,10201.863955098563,9600.636044901437,SELL,35.08771929824591,SELL,45.45454545454545,HOLD
2019-06-25,9975.0,10100.0,9875.0,10000.0,9294.7509765625,24636700,69.58510897764835,HOLD,9912.5,10210.199512932084,9614.800487067916,BUY,41.945288753799375,SELL,54.54545454545455,HOLD
2019-06-26,9950.0,10150.0,9925.0,10050.0,9341.2255859375,4283700,71.05074625281158,HOLD,9928.75,10219.126910239089,9638.373089760911,BUY,60.22584692597146,SELL,63.63636363636363,HOLD
2019-06-27,10050.0,10175.0,10000.0,10150.0,9434.1728515625,4233600,72.37510429242653,HOLD,9950.0,10239.827534923788,9660.172465076212,SELL,87.64940239043902,SELL,81.81818181818181,SELL
2019-06-28,10200.0,10200.0,10150.0,10150.0,9434.1728515625,5163200,73.84290055709718,HOLD,9971.25,10254.214220353033,9688.285779646967,SELL,111.96105702364288,SELL,81.81818181818181,SELL
2019-07-01,10175.0,10175.0,10025.0,10125.0,9410.935546875,1810900,72.49958773886345,HOLD,9987.5,10266.560925247517,9708.439074752483,SELL,73.91091532060732,SELL,66.66666666666667,HOLD
2019-07-02,10000.0,10150.0,9950.0,10125.0,9410.935546875,2919400,67.54016981069151,HOLD,10003.75,10274.985598696041,9732.514401303959,BUY,49.62583694367856,SELL,66.66666666666667,HOLD
2019-07-03,10000.0,10125.0,10000.0,10125.0,9410.935546875,3023200,67.16721472045528,HOLD,10020.0,10279.133170396999,9760.866829603001,BUY,49.85754985754949,SELL,66.66666666666667,HOLD
2019-07-04,10075.0,10125.0,10075.0,10100.0,9387.69921875,1186700,71.64667544233708,HOLD,10035.0,10275.520269416114,9794.479730583886,SELL,57.17936431879813,SELL,60.0,HOLD
2019-07-05,10025.0,10150.0,10025.0,10100.0,9387.69921875,4857300,70.2805996474385,HOLD,10050.0,10266.217483104398,9833.782516895602,BUY,47.07668944570932,SELL,60.0,HOLD
2019-07-08,10100.0,10125.0,10000.0,10025.0,9317.9873046875,3219300,69.77779817180479,HOLD,10061.25,10245.284643477798,9877.215356522202,BUY,-2.9239766081871252,BUY,40.0,HOLD
2019-07-09,9950.0,10125.0,9950.0,10100.0,9387.69921875,2957200,64.60124999385488,HOLD,10076.25,10216.316948278316,9936.183051721684,BUY,-11.187890753538266,BUY,60.0,HOLD
2019-07-10,10050.0,10150.0,10025.0,10125.0,9410.935546875,4132100,64.32330019216408,HOLD,10075.0,10212.840487520903,9937.159512479097,BUY,50.193050193050055,SELL,66.66666666666667,HOLD
2019-07-11,10075.0,10250.0,10075.0,10250.0,9527.12109375,4959400,78.67729172825304,HOLD,10080.0,10234.596248337404,9925.403751662596,BUY,177.65567765567837,SELL,100.0,SELL
2019-07-12,10250.0,10400.0,10200.0,10275.0,9550.357421875,4944000,82.29042180951792,SELL,10093.75,10265.41464400103,9922.08535599897,SELL,257.43589743589655,,76.19047619047619,HOLD
2019-07-15,10400.0,10400.0,10275.0,10375.0,9643.3056640625,3802600,75.27595793426465,HOLD,10113.75,10315.910208745441,9911.589791254559,SELL,260.4914111763422,,94.73684210526316,SELL
2019-07-16,10375.0,10425.0,10300.0,10425.0,9689.7783203125,2887800,74.64313495531641,HOLD,10137.5,10366.90139493909,9908.09860506091,SELL,224.12562455388993,,100.0,SELL
2019-07-17,10425.0,10650.0,10350.0,10625.0,9875.6728515625,4657700,74.95334505764558,HOLD,10162.5,10474.94999599936,9850.05000400064,SELL,250.65824117956802,,96.42857142857143,SELL
2019-07-18,10625.0,10825.0,10575.0,10725.0,9968.62109375,3141500,74.00240406114003,HOLD,10191.25,10588.199304067914,9794.300695932086,SELL,250.48847205939796,,88.57142857142857,SELL
2019-07-19,10800.0,10850.0,10725.0,10850.0,10084.8056640625,4500500,78.97355712322003,HOLD,10232.5,10714.189734165055,9750.810265834945,SELL,219.06507791017444,,100.0,SELL
2019-07-22,10850.0,10850.0,10550.0,10650.0,9898.91015625,2231900,79.81717144314051,HOLD,10267.5,10763.50907249767,9771.49092750233,SELL,142.70152505446572,SELL,77.77777777777777,HOLD
2019-07-23,10650.0,10825.0,10625.0,10725.0,9968.62109375,3789800,80.20306011126095,SELL,10303.75,10821.744932407644,9785.755067592356,SELL,132.33458177278354,SELL,86.11111111111111,SELL
2019-07-24,10775.0,10775.0,10550.0,10575.0,9829.2001953125,2573700,75.75548455481425,HOLD,10330.0,10847.107338953916,9812.892661046084,SELL,91.67858845970454,SELL,69.44444444444444,HOLD
2019-07-25,10600.0,10825.0,10575.0,10700.0,9945.3837890625,4393300,84.66271026846694,SELL,10357.5,10891.611411598742,9823.388588401258,SELL,97.24583475008495,SELL,83.33333333333333,SELL
2019-07-26,10675.0,10775.0,10250.0,10575.0,9829.2001953125,5094200,81.47676877167055,SELL,10378.75,10911.965481770738,9845.534518229262,BUY,46.57441781977771,SELL,69.44444444444444,HOLD
2019-07-29,10600.0,10600.0,10150.0,10550.0,9805.9619140625,4662100,73.76103758443921,HOLD,10400.0,10924.88093888043,9875.11906111957,BUY,15.761821366024504,SELL,63.63636363636363,HOLD
2019-07-30,10350.0,10625.0,10325.0,10625.0,9875.6728515625,6836000,75.04959020171687,HOLD,10425.0,10942.687164221792,9907.312835778208,BUY,36.41863278886852,SELL,70.96774193548387,HOLD
2019-07-31,10700.0,10725.0,10600.0,10700.0,9945.3837890625,9353300,76.90057325826399,HOLD,10453.75,10965.432274463363,9942.067725536637,SELL,72.97464440321545,SELL,78.57142857142857,HOLD
2019-08-01,10700.0,10825.0,10575.0,10700.0,9945.3837890625,5747800,77.26388510951753,HOLD,10483.75,10979.046628294602,9988.453371705398,SELL,73.56497390861615,SELL,78.57142857142857,HOLD
2019-08-02,10600.0,10875.0,10600.0,10850.0,10084.8056640625,6844300,78.36581503870546,HOLD,10521.25,11008.147063043103,10034.352936956897,SELL,89.9175312583132,SELL,96.55172413793103,SELL
2019-08-05,10800.0,11175.0,10725.0,10875.0,10108.0419921875,10260200,80.60955187908522,SELL,10563.75,11017.202037154979,10110.297962845021,SELL,131.46932147143937,SELL,70.73170731707317,HOLD
2019-08-06,10875.0,10875.0,10625.0,10775.0,10015.0947265625,7514300,71.53933900764171,HOLD,10597.5,11006.125745640189,10188.874254359811,SELL,69.02941857771599,SELL,60.97560975609756,HOLD
2019-08-07,10875.0,11900.0,10850.0,11225.0,10433.3583984375,8654200,73.60284718466625,HOLD,10652.5,11087.212548703163,10217.787451296837,SELL,253.82262996941873,,61.42857142857143,HOLD
2019-08-08,11100.0,11500.0,11100.0,11175.0,10386.8837890625,7458300,65.51687996140785,HOLD,10698.75,11148.881925106407,10248.618074893593,SELL,209.7859327217123,,58.57142857142857,HOLD
2019-08-09,11275.0,11350.0,11200.0,11300.0,10503.068359375,4156500,68.87716956252865,HOLD,10750.0,11228.016736108684,10271.983263891316,SELL,184.24191398302082,SELL,65.71428571428571,HOLD
2019-08-12,11350.0,11450.0,11225.0,11275.0,10479.83203125,2861900,68.60313042709242,HOLD,10795.0,11292.393204617836,10297.606795382164,SELL,160.5683389915756,SELL,64.28571428571429,HOLD
2019-08-13,11500.0,11500.0,11175.0,11250.0,10456.595703125,7798500,64.42534468830797,HOLD,10836.25,11340.847611964227,10331.652388035773,SELL,130.91158327621653,SELL,62.857142857142854,HOLD
2019-08-14,11400.0,11400.0,11275.0,11350.0,10549.54296875,4994700,64.76543207036141,HOLD,10872.5,11414.00253923689,10330.99746076311,SELL,117.89254042775185,SELL,68.57142857142857,HOLD
2019-08-15,11100.0,11500.0,11050.0,11500.0,10688.9638671875,7785500,71.0820449848327,HOLD,10911.25,11512.597445325911,10309.902554674089,SELL,103.31215097246262,SELL,77.14285714285714,HOLD
2019-08-16,10750.0,11650.0,10750.0,11625.0,10805.1484375,7037500,69.019197112328,HOLD,10950.0,11625.832819564128,10274.167180435872,BUY,88.95484799424344,SELL,82.53968253968254,SELL
2019-08-19,11625.0,12125.0,11475.0,11525.0,10712.2021484375,7924300,69.60853135533361,HOLD,10993.75,11698.887397958724,10288.612602041276,SELL,142.40274039637922,SELL,61.29032258064516,HOLD
2019-08-20,11800.0,11950.0,11600.0,11900.0,11060.75390625,11360000,70.53390094251738,HOLD,11052.5,11848.254359083254,10256.745640916746,SELL,140.9244644870347,SELL,85.48387096774194,SELL
2019-08-21,11875.0,11900.0,11725.0,11800.0,10967.806640625,7288200,63.70359629114807,HOLD,11113.75,11941.015827893309,10286.484172106691,SELL,124.55490153331901,SELL,78.68852459016394,HOLD
2019-08-22,11900.0,11900.0,11800.0,11825.0,10991.04296875,7625300,64.21672719897745,HOLD,11170.0,12029.447496942077,10310.552503057923,SELL,118.47561847561842,SELL,80.0,SELL
2019-08-23,12075.0,12075.0,11700.0,11775.0,10944.5693359375,7936400,63.656439051033615,HOLD,11230.0,12082.437681006653,10377.562318993347,SELL,113.18505271785682,SELL,76.66666666666667,HOLD
2019-08-26,11675.0,11775.0,11250.0,11750.0,10921.3330078125,6608200,63.89155593083633,HOLD,11290.0,12110.883670199377,10469.116329800623,BUY,63.81192275398815,SELL,72.72727272727273,HOLD
2019-08-27,11850.0,11850.0,11725.0,11750.0,10921.3330078125,12491900,65.37171388062964,HOLD,11346.25,12130.51318924198,10561.98681075802,SELL,95.6284153005465,SELL,72.72727272727273,HOLD
2019-08-28,11900.0,11950.0,11775.0,11825.0,10991.04296875,8964800,72.88844624404848,HOLD,11402.5,12153.981869375437,10651.018130624563,SELL,98.48073792729248,SELL,78.18181818181819,HOLD
2019-08-29,11825.0,12050.0,11825.0,12000.0,11153.7021484375,12311400,74.94905654203245,HOLD,11467.5,12188.97418526237,10746.02581473763,SELL,108.48501313048975,SELL,90.9090909090909,SELL
2019-08-30,12100.0,12100.0,11950.0,12050.0,11200.1748046875,7502900,76.00168725609447,HOLD,11527.5,12232.996279224773,10822.003720775227,SELL,113.13969571231023,SELL,94.54545454545455,SELL
2019-09-02,12100.0,12100.0,11950.0,11975.0,11130.46484375,2153200,79.60272169715279,HOLD,11582.5,12246.220573735665,10918.779426264335,SELL,99.2297019281376,SELL,89.0909090909091,SELL
2019-09-03,11975.0,12025.0,11850.0,12000.0,11153.7021484375,2459000,76.88888862756257,HOLD,11643.75,12218.179064376098,11069.320935623902,SELL,82.2821863856514,SELL,90.9090909090909,SELL
2019-09-04,12100.0,12100.0,11975.0,12000.0,11153.7021484375,5760400,76.54115550854094,HOLD,11682.5,12243.102354615105,11121.897645384895,SELL,91.4673561732386,SELL,90.9090909090909,SELL
2019-09-05,11775.0,12000.0,11700.0,12000.0,11153.7021484375,4230700,78.3607381713788,HOLD,11723.75,12249.220027689496,11198.279972310504,BUY,54.85820548582038,SELL,85.71428571428571,SELL
2019-09-06,12000.0,12000.0,11775.0,11900.0,11060.75390625,2320000,74.81078087062228,HOLD,11753.75,12246.516425398484,11260.983574601516,SELL,48.338753906000676,SELL,76.47058823529412,HOLD
2019-09-09,11900.0,11950.0,11800.0,11850.0,11014.2802734375,2642700,69.466372409045,HOLD,11782.5,12224.68208918951,11340.31791081049,SELL,36.49213904514618,SELL,70.58823529411765,HOLD
2019-09-10,11850.0,12025.0,11825.0,12025.0,11176.9384765625,4550900,76.81242255749896,HOLD,11821.25,12201.47197464113,11441.02802535887,SELL,66.33081444164559,SELL,91.17647058823529,SELL
2019-09-11,12025.0,12050.0,11850.0,11950.0,11107.228515625,5861100,69.48358094437215,HOLD,11851.25,12167.2701734067,11535.2298265933,BUY,60.89937487396607,SELL,82.3529411764706,SELL
2019-09-12,12000.0,12025.0,11850.0,11925.0,11083.9912109375,2164800,64.58112592968996,HOLD,11872.5,12145.401080979904,11599.598919020096,BUY,48.63221884498467,SELL,79.41176470588235,HOLD
2019-09-13,11800.0,11825.0,11550.0,11600.0,10781.912109375,4968500,65.87399958404863,HOLD,11871.25,12148.86258977215,11593.63741022785,BUY,-151.9519519519508,BUY,9.090909090909092,BUY
2019-09-16,11500.0,11875.0,11475.0,11825.0,10991.04296875,6073500,62.85241155288357,HOLD,11886.25,12115.637772123973,11656.862227876027,BUY,-105.45454545454521,BUY,56.0,HOLD
2019-09-17,11900.0,12000.0,11875.0,11950.0,11107.228515625,5113400,60.78550513798997,HOLD,11888.75,12119.766774282734,11657.733225717266,BUY,47.42486029300668,SELL,76.0,HOLD
2019-09-18,11950.0,12000.0,11850.0,11875.0,11037.517578125,2632200,49.752158296472736,HOLD,11892.5,12120.041205059655,11664.958794940345,BUY,20.249221183801026,SELL,64.0,HOLD
2019-09-19,11975.0,11975.0,11850.0,11900.0,11060.75390625,2160600,42.26182158451949,HOLD,11896.25,12121.680144390673,11670.819855609327,BUY,18.086625416469726,SELL,68.0,HOLD
2019-09-20,11925.0,11950.0,11775.0,11950.0,11107.228515625,8730600,37.44203131226029,HOLD,11905.0,12124.431082574918,11685.568917425082,BUY,3.906249999999981,SELL,76.0,HOLD
2019-09-23,11950.0,11975.0,11850.0,11875.0,11037.517578125,2435100,41.70694207426951,HOLD,11911.25,12119.501650653723,11702.998349346277,BUY,-2.1030494216601725,BUY,64.0,HOLD
2019-09-24,11950.0,11975.0,11725.0,11800.0,10967.806640625,2092300,33.76802882858202,HOLD,11913.75,12115.290938769274,11712.209061230726,BUY,-76.03890362510981,BUY,56.52173913043478,HOLD
2019-09-25,11800.0,11850.0,11600.0,11800.0,10967.806640625,4008700,33.94036925008105,HOLD,11912.5,12116.522057631031,11708.477942368969,BUY,-146.34146341463367,BUY,56.52173913043478,HOLD
2019-09-26,11900.0,12050.0,11875.0,12000.0,11153.7021484375,4714500,40.96390842946954,HOLD,11912.5,12116.522057631031,11708.477942368969,BUY,71.57217531162125,SELL,91.30434782608695,SELL
2019-09-27,12000.0,12000.0,11875.0,11950.0,11107.228515625,2938500,40.73515479272562,HOLD,11907.5,12102.5,11712.5,BUY,46.07905305432183,SELL,82.6086956521739,SELL
2019-09-30,11950.0,12025.0,11900.0,12025.0,11176.9384765625,3417900,39.51620440047173,HOLD,11910.0,12109.62464777677,11710.37535222323,BUY,90.83119108826091,SELL,95.65217391304348,SELL
2019-10-01,11950.0,11975.0,11875.0,11925.0,11083.9912109375,2714500,41.92913227265751,HOLD,11906.25,12101.746163645224,11710.753836354776,BUY,33.15881326352632,SELL,78.26086956521739,HOLD
2019-10-02,11975.0,12550.0,11975.0,12200.0,11339.59765625,3768000,47.832687839387035,HOLD,11916.25,12147.15853167434,11685.34146832566,SELL,312.1387283236988,,67.44186046511628,HOLD
2019-10-03,12275.0,12400.0,11700.0,12200.0,11339.59765625,6457500,46.36214188745307,HOLD,11926.25,12186.286055192351,11666.213944807649,BUY,153.26460481099713,SELL,67.44186046511628,HOLD
2019-10-04,12275.0,12325.0,12150.0,12225.0,11362.833984375,1296900,41.431388925865065,HOLD,11942.5,12232.801567339895,11652.198432660105,SELL,212.92217327459667,,65.78947368421052,HOLD
2019-10-07,12225.0,12350.0,12150.0,12275.0,11409.3076171875,1419100,36.851372011388925,HOLD,11963.75,12284.481585597678,11643.018414402322,SELL,187.35719725818794,SELL,71.05263157894737,HOLD
2019-10-08,12400.0,12400.0,12275.0,12400.0,11525.4921875,2937900,42.97151537666695,HOLD,11982.5,12355.025166935067,11609.974833064933,SELL,190.76923076923063,SELL,84.21052631578948,SELL
2019-10-09,12500.0,12500.0,11975.0,12000.0,11153.7021484375,3141600,40.24301152965774,HOLD,11985.0,12357.290209379726,11612.709790620274,BUY,80.60692271218582,SELL,42.10526315789474,HOLD
2019-10-10,11875.0,11875.0,11350.0,11450.0,10642.4912109375,9475400,39.86537731640542,HOLD,11961.25,12400.418247941492,11522.081752058508,BUY,-167.53022452504212,BUY,8.333333333333334,BUY
2019-10-11,11550.0,11675.0,11525.0,11625.0,10805.1484375,6715800,44.353787616869695,HOLD,11962.5,12397.67237963823,11527.32762036177,BUY,-143.97816444899289,BUY,22.916666666666668,HOLD
2019-10-14,11650.0,11750.0,11550.0,11600.0,10781.912109375,6405900,51.78292536800506,HOLD,11951.25,12410.998572591585,11491.501427408415,BUY,-128.96229562896232,BUY,20.833333333333332,HOLD
2019-10-15,11550.0,11625.0,11325.0,11375.0,10572.779296875,3905000,51.96121978171348,HOLD,11922.5,12446.403617090014,11398.596382909986,BUY,-173.66200310903835,BUY,4.081632653061225,BUY
2019-10-16,11400.0,11600.0,11250.0,11325.0,10526.306640625,8774100,41.37908210724126,HOLD,11895.0,12480.149553533112,11309.850446466888,BUY,-160.31777039786454,BUY,5.769230769230769,BUY
2019-10-17,11325.0,11550.0,11325.0,11550.0,10735.4384765625,4469900,47.22071789979574,HOLD,11877.5,12481.631608178219,11273.368391821781,BUY,-114.66385570391239,BUY,23.076923076923077,HOLD
2019-10-18,11575.0,11600.0,11250.0,11275.0,10479.83203125,5140100,40.91601595479782,HOLD,11843.75,12500.99329589582,11186.50670410418,BUY,-121.41245605750572,BUY,1.9230769230769231,BUY
2019-10-21,11275.0,11600.0,11250.0,11400.0,10596.0166015625,4684500,46.508170340988116,HOLD,11820.0,12504.7627326308,11135.2372673692,BUY,-97.49670619235873,BUY,11.538461538461538,BUY
2019-10-22,11500.0,11525.0,11375.0,11425.0,10619.25390625,5062200,47.283461237647,HOLD,11801.25,12507.379414484341,11095.120585515659,BUY,-81.46118721461171,BUY,14.0,BUY
2019-10-23,11425.0,11525.0,11300.0,11500.0,10688.9638671875,5815300,52.30620490241509,HOLD,11786.25,12504.490036478057,11068.009963521943,BUY,-74.31551499348144,BUY,20.0,HOLD
2019-10-24,11500.0,11625.0,11450.0,11600.0,10781.912109375,8818700,57.30206936277928,HOLD,11766.25,12481.839791710307,11050.660208289693,BUY,-45.48408057179949,BUY,28.0,HOLD
2019-10-25,11575.0,11700.0,11200.0,11425.0,10619.25390625,5173500,52.5133629146461,HOLD,11740.0,12465.155155811499,11014.844844188501,BUY,-63.83890317052297,BUY,17.307692307692307,BUY
2019-10-28,11450.0,11725.0,11350.0,11700.0,10874.8583984375,2733100,52.25755055469247,HOLD,11723.75,12437.100369734257,11010.399630265743,BUY,-29.829670814579586,BUY,38.46153846153846,HOLD
2019-10-29,11675.0,11700.0,11500.0,11600.0,10781.912109375,4852400,57.59847139084663,HOLD,11707.5,12416.566287451322,10998.433712548678,BUY,-25.389025389025377,BUY,59.25925925925926,HOLD
2019-10-30,11850.0,11850.0,11600.0,11675.0,10851.623046875,4996400,68.24020055178998,HOLD,11681.25,12353.350252938504,11009.149747061496,BUY,4.665629860031109,SELL,73.07692307692308,HOLD
2019-10-31,11650.0,11725.0,11575.0,11625.0,10805.1484375,6226300,59.1929002498725,HOLD,11652.5,12281.169229404462,11023.830770595538,BUY,-6.9930069930074765,BUY,65.38461538461539,HOLD
2019-11-01,11750.0,11750.0,11575.0,11625.0,10805.1484375,3642500,57.531903793846176,HOLD,11622.5,12193.661098115059,11051.338901884941,BUY,4.27350427350427,SELL,65.38461538461539,HOLD
2019-11-04,11625.0,11650.0,11325.0,11350.0,10549.54296875,4044400,57.41573514058624,HOLD,11576.25,12073.61178984719,11078.88821015281,BUY,-65.19453207150346,BUY,23.076923076923077,HOLD
2019-11-05,11300.0,11425.0,11100.0,11200.0,10410.12109375,9265000,57.111888782038626,HOLD,11516.25,11870.606811702555,11161.893188297445,BUY,-153.4188034188036,BUY,13.333333333333334,BUY
2019-11-06,11250.0,11325.0,11100.0,11225.0,10433.3583984375,6111800,49.57510858683837,HOLD,11477.5,11777.041316015004,11177.958683984996,BUY,-166.9805398618959,BUY,16.666666666666668,BUY
2019-11-07,11250.0,11300.0,10800.0,10800.0,10038.33203125,6648400,48.70811186384909,HOLD,11445.0,11865.891910114698,11024.108089885302,BUY,-257.2721396250802,,0.0,BUY
2019-11-08,10775.0,11300.0,10750.0,11275.0,10479.83203125,8192000,50.93714002933549,HOLD,11427.5,11846.098853319021,11008.901146680979,BUY,-162.4718641293228,BUY,47.72727272727273,HOLD
2019-11-11,11300.0,11475.0,11300.0,11400.0,10596.0166015625,9711300,53.76018519163831,HOLD,11417.5,11828.626501213434,11006.373498786566,BUY,-18.046709129511335,BUY,59.09090909090909,HOLD
2019-11-12,11400.0,11425.0,11300.0,11400.0,10596.0166015625,6231700,49.89884726139713,HOLD,11418.75,11829.503880079057,11007.996119920943,BUY,-24.42843720638894,BUY,59.09090909090909,HOLD
2019-11-13,11400.0,11475.0,11325.0,11475.0,10665.7275390625,3092400,46.27328085635371,HOLD,11426.25,11835.357259774255,11017.142740225745,BUY,-0.21170742034477524,BUY,65.9090909090909,HOLD
2019-11-14,11475.0,11500.0,11325.0,11400.0,10596.0166015625,13000400,42.187990108623616,HOLD,11418.75,11823.989126936183,11013.510873063817,BUY,-7.058068655757814,BUY,59.09090909090909,HOLD
2019-11-15,11350.0,11425.0,11350.0,11400.0,10596.0166015625,8348400,36.74112153454815,HOLD,11425.0,11825.0,11025.0,BUY,-16.155088852988683,BUY,59.09090909090909,HOLD
2019-11-18,11400.0,11450.0,11300.0,11400.0,10596.0166015625,3468700,31.99569251999975,HOLD,11425.0,11825.0,11025.0,BUY,-19.326749495592804,BUY,59.09090909090909,HOLD
2019-11-19,11400.0,11425.0,11250.0,11425.0,10619.25390625,7517700,25.797874506991846,HOLD,11425.0,11825.0,11025.0,BUY,-25.576519916142864,BUY,67.5,HOLD
2019-11-20,11400.0,11425.0,11350.0,11425.0,10619.25390625,2800200,29.86393308929165,HOLD,11421.25,11819.770702097143,11022.729297902857,BUY,-7.788653825912757,BUY,67.5,HOLD
2019-11-21,11400.0,11450.0,11400.0,11400.0,10596.0166015625,5055700,30.87739353131613,HOLD,11411.25,11801.274037720754,11021.225962279246,BUY,4.474272930648118,SELL,72.22222222222223,HOLD
2019-11-22,11300.0,11425.0,11300.0,11425.0,10619.25390625,1941500,31.599587425182648,HOLD,11411.25,11801.274037720754,11021.225962279246,BUY,-11.924850939362589,BUY,90.0,SELL
2019-11-25,11375.0,11425.0,11375.0,11400.0,10596.0166015625,8105000,41.005756852771235,HOLD,11396.25,11763.086135079411,11029.413864920589,BUY,2.450980392157575,SELL,86.66666666666667,SELL
2019-11-26,11375.0,11425.0,11375.0,11375.0,10572.779296875,13063100,38.01954072423546,HOLD,11385.0,11739.753435501336,11030.246564498664,BUY,3.9999999999988347,SELL,83.33333333333333,SELL
2019-11-27,11325.0,11550.0,11300.0,11375.0,10572.779296875,2689000,42.4291582129706,HOLD,11370.0,11698.861673048106,11041.138326951894,BUY,26.549963530270883,SELL,78.125,HOLD
2019-11-28,11450.0,11525.0,11325.0,11325.0,10526.306640625,2859600,35.817330980060234,HOLD,11355.0,11662.652401258303,11047.347598741697,BUY,25.046382189238194,SELL,25.0,HOLD
2019-11-29,11325.0,11500.0,11300.0,11325.0,10526.306640625,3762100,26.56980769192505,HOLD,11340.0,11621.691320420066,11058.308679579934,BUY,24.374176548088535,SELL,25.0,HOLD
2019-12-02,11350.0,11500.0,11350.0,11400.0,10596.0166015625,2671100,31.185566955483353,HOLD,11342.5,11625.386903196313,11059.613096803687,SELL,58.64811133200704,SELL,50.0,HOLD
2019-12-03,11600.0,11625.0,11375.0,11400.0,10596.0166015625,2400700,30.579115547699573,HOLD,11352.5,11628.58875384557,11076.41124615443,SELL,97.29729729729686,SELL,40.0,HOLD
2019-12-04,11400.0,11425.0,11100.0,11100.0,10317.173828125,6445900,33.453187721653094,HOLD,11346.25,11638.77136674096,11053.72863325904,BUY,-124.62060346366694,BUY,0.0,BUY
2019-12-05,11250.0,11325.0,11150.0,11250.0,10456.595703125,6379900,43.574079757913275,HOLD,11368.75,11529.120664399696,11208.379335600304,BUY,-153.92456676860138,BUY,28.571428571428573,HOLD
2019-12-06,11300.0,11450.0,11250.0,11425.0,10619.25390625,2077700,47.540067585444,HOLD,11376.25,11532.354932657492,11220.145067342508,BUY,-11.326860841421453,BUY,61.904761904761905,HOLD
2019-12-09,11425.0,11425.0,11325.0,11375.0,10572.779296875,2446300,53.473790517926844,HOLD,11375.0,11530.724115023975,11219.275884976025,BUY,-9.70873786407768,BUY,52.38095238095238,HOLD
2019-12-10,11375.0,11550.0,11350.0,11375.0,10572.779296875,3879900,54.301856412582694,HOLD,11373.75,11529.052124904974,11218.447875095026,BUY,80.18867924528143,SELL,52.38095238095238,HOLD
2019-12-11,11400.0,11525.0,11400.0,11450.0,10642.4912109375,2694800,52.471619952789325,HOLD,11372.5,11524.897506541281,11220.102493458719,SELL,135.46423135464255,SELL,66.66666666666667,HOLD
2019-12-12,11525.0,11525.0,11350.0,11375.0,10572.779296875,3944900,50.73522554125198,HOLD,11371.25,11523.13400179084,11219.36599820916,BUY,58.069381598794365,SELL,52.38095238095238,HOLD
2019-12-13,11350.0,11475.0,11350.0,11450.0,10642.4912109375,3441700,46.64997014679892,HOLD,11373.75,11529.052124904974,11218.447875095026,BUY,67.68558951965093,SELL,66.66666666666667,HOLD
2019-12-16,11350.0,11450.0,11325.0,11350.0,10549.54296875,4959000,54.521019743379064,HOLD,11371.25,11526.391064841002,11216.108935158998,BUY,-18.678160919538083,BUY,47.61904761904762,HOLD
2019-12-17,11325.0,11500.0,11300.0,11500.0,10688.9638671875,7056800,58.32626661741199,HOLD,11375.0,11538.554272337962,11211.445727662038,BUY,75.33759772565628,SELL,76.19047619047619,HOLD
2019-12-18,11450.0,11500.0,11250.0,11500.0,10688.9638671875,9347100,51.88950421453507,HOLD,11378.75,11549.977188261679,11207.522811738321,BUY,44.8179271708675,SELL,76.19047619047619,HOLD
2019-12-19,11475.0,11475.0,11375.0,11425.0,10619.25390625,3900600,58.369365467600105,HOLD,11380.0,11552.191753577226,11207.808246422774,BUY,57.698992005562275,SELL,61.904761904761905,HOLD
2019-12-20,11400.0,11525.0,11275.0,11525.0,10712.2021484375,12072700,64.10542847492871,HOLD,11385.0,11567.619823677496,11202.380176322504,BUY,77.95698924730941,SELL,80.95238095238095,SELL
2019-12-23,11500.0,11500.0,11325.0,11400.0,10596.0166015625,4627300,58.68391534282176,HOLD,11385.0,11567.619823677496,11202.380176322504,BUY,23.333333333334288,SELL,66.66666666666667,HOLD
2019-12-26,11325.0,11425.0,11250.0,11275.0,10479.83203125,2931200,61.67220369016092,HOLD,11380.0,11568.812075884993,11191.187924115007,BUY,-105.51558752997572,BUY,31.25,HOLD
2019-12-27,11275.0,11275.0,11100.0,11175.0,10386.8837890625,6856300,51.990292360335644,HOLD,11370.0,11578.925824157763,11161.074175842237,BUY,-224.61685823754758,,16.666666666666668,BUY
2019-12-30,11200.0,11275.0,11150.0,11150.0,10363.6474609375,5838000,54.44982195673515,HOLD,11361.25,11590.637772123973,11131.862227876027,BUY,-168.1503461918899,BUY,11.11111111111111,BUY
